family,forecast_level,arm,time_s,cumulative_net_difference_kwh
T1,ideal,MPC,0,0.0
T1,ideal,MPC,20,0.0
T1,ideal,MPC,40,0.0
T1,ideal,MPC,60,0.0
T1,ideal,MPC,80,0.0
T1,ideal,MPC,100,0.0
T1,ideal,MPC,120,0.0
T1,ideal,MPC,140,0.0
T1,ideal,MPC,160,0.0
T1,ideal,MPC,180,0.0
T1,ideal,MPC,200,-0.7618981784235637
T1,ideal,MPC,220,-0.8551832548124525
T1,ideal,MPC,240,-1.0189226263402302
T1,ideal,MPC,260,-1.2131450499513414
T1,ideal,MPC,280,-1.4220268277291193
T1,ideal,MPC,300,-1.588687015229119
T1,ideal,MPC,320,-1.735701714881897
T1,ideal,MPC,340,-1.5373378919652303
T1,ideal,MPC,360,-1.2271315030763414
T1,ideal,MPC,380,-1.2866958259930081
T1,ideal,MPC,400,-2.4592736856373154
T1,ideal,MPC,420,-2.6500593748734262
T1,ideal,MPC,440,-2.5113341891095375
T1,ideal,MPC,460,-2.2550073766095373
T1,ideal,MPC,480,-2.262087838415093
T1,ideal,MPC,500,-1.7554076439706485
T1,ideal,MPC,520,-2.0837495536928707
T1,ideal,MPC,540,-2.346637258553982
T1,ideal,MPC,560,-0.541626043276204
T1,ideal,MPC,580,-0.3604596682762039
T1,ideal,MPC,600,-2.9309890053588017
T1,ideal,MPC,620,-1.8221482900810242
T1,ideal,MPC,640,1.3316561960300872
T1,ideal,MPC,660,4.661802550196755
T1,ideal,MPC,680,6.336689366168976
T1,ideal,MPC,700,8.254648189085643
T1,ideal,MPC,720,8.008072477280088
T1,ideal,MPC,740,11.46415334186342
T1,ideal,MPC,760,16.27328914394675
T1,ideal,MPC,780,18.9467964008912
T1,ideal,MPC,800,18.16396180589692
T1,ideal,MPC,820,20.370896972563585
T1,ideal,MPC,840,24.144577048952478
T1,ideal,MPC,860,27.500306569785806
T1,ideal,MPC,880,27.680185319785807
T1,ideal,MPC,900,31.085928722563587
T1,ideal,MPC,920,32.53871148124414
T1,ideal,MPC,940,32.510960127077475
T1,ideal,MPC,960,33.1462051774247
T1,ideal,MPC,980,35.199212371869145
T1,ideal,MPC,1000,37.891902521886216
T1,ideal,MPC,1020,38.99323704271954
T1,ideal,MPC,1040,39.00396555313622
T1,ideal,MPC,1060,45.49058488299733
T1,ideal,MPC,1080,54.28051668160844
T1,ideal,MPC,1100,53.820514455914
T1,ideal,MPC,1120,54.69728765209455
T1,ideal,MPC,1140,54.48099658612233
T1,ideal,MPC,1160,55.73778911390011
T1,ideal,MPC,1180,58.742726266677884
T1,ideal,MPC,1200,60.029143770011636
T1,ideal,MPC,1220,62.32533828390052
T1,ideal,MPC,1240,62.58685655126165
T1,ideal,MPC,1260,62.7909076241783
T1,ideal,MPC,1280,61.650229253518575
T1,ideal,MPC,1300,59.502577573831076
T1,ideal,MPC,1320,59.63335450351858
T1,ideal,MPC,1340,59.34091643407414
T1,ideal,MPC,1360,59.489826328171354
T1,ideal,MPC,1380,59.163306914976914
T1,ideal,MPC,1400,57.78037070523056
T1,ideal,MPC,1420,57.32530499950139
T1,ideal,MPC,1440,57.25428660540417
T1,ideal,MPC,1460,58.6951468762375
T1,ideal,MPC,1480,59.27137484151528
T1,ideal,MPC,1500,59.39200719741806
T1,ideal,MPC,1520,60.82208228075139
T1,ideal,MPC,1540,62.45787292137639
T1,ideal,MPC,1560,62.95722281026528
T1,ideal,MPC,1580,63.48040654290418
T1,ideal,MPC,1600,64.46926734470563
T1,ideal,MPC,1620,66.15763771970563
T1,ideal,MPC,1640,67.7840632301223
T1,ideal,MPC,1660,69.70808868151119
T1,ideal,MPC,1680,71.47643268151118
T1,ideal,MPC,1700,71.30078230651118
T1,ideal,MPC,1720,71.42100376484451
T1,ideal,MPC,1740,72.69393160425425
T1,ideal,MPC,1760,74.66382588724035
T1,ideal,MPC,1780,75.84198654001813
T1,ideal,MPC,1800,74.68853262584655
T1,ideal,MPC,1820,74.44486576647154
T1,ideal,MPC,1840,73.89155573348543
T1,ideal,MPC,1860,73.84121533504793
T1,ideal,MPC,1880,74.00215459025627
T1,ideal,MPC,1900,74.30459391143683
T1,ideal,MPC,1920,74.8785017812285
T1,ideal,MPC,1940,75.41941439494376
T1,ideal,MPC,1960,75.49751308244377
T1,ideal,MPC,1980,74.88743080813822
T1,ideal,MPC,2000,74.23257602167989
T1,ideal,MPC,2020,74.63769794529098
T1,ideal,MPC,2040,75.03960800258265
T1,ideal,MPC,2060,76.036000742166
T1,ideal,MPC,2080,77.1001940407771
T1,ideal,MPC,2100,77.57649244181876
T1,ideal,MPC,2120,77.17469636803405
T1,ideal,MPC,2140,77.64335805900626
T1,ideal,MPC,2160,79.26331266490905
T1,ideal,MPC,2180,80.12230724824238
T1,ideal,MPC,2200,80.37634147914515
T1,ideal,MPC,2220,81.34531208504795
T1,ideal,MPC,2240,82.84041824737433
T1,ideal,MPC,2260,84.26033660501321
T1,ideal,MPC,2280,85.67492571612432
T1,ideal,lookup,0,0.0
T1,ideal,lookup,20,0.0
T1,ideal,lookup,40,0.0
T1,ideal,lookup,60,0.0
T1,ideal,lookup,80,0.0
T1,ideal,lookup,100,0.0
T1,ideal,lookup,120,0.0
T1,ideal,lookup,140,0.0
T1,ideal,lookup,160,0.0
T1,ideal,lookup,180,0.0
T1,ideal,lookup,200,-1.1711029778408475
T1,ideal,lookup,220,-2.9040831463606094
T1,ideal,lookup,240,-5.09858668172031
T1,ideal,lookup,260,-7.200642037623088
T1,ideal,lookup,280,-10.009101167831421
T1,ideal,lookup,300,-12.267773471650866
T1,ideal,lookup,320,-15.012268452553643
T1,ideal,lookup,340,-17.30563474595642
T1,ideal,lookup,360,-18.776442737275868
T1,ideal,lookup,380,-20.344086489011975
T1,ideal,lookup,400,-20.263026256373088
T1,ideal,lookup,420,-20.362069530678642
T1,ideal,lookup,440,-19.017352598386978
T1,ideal,lookup,460,-15.642839841442532
T1,ideal,lookup,480,-12.460941643525866
T1,ideal,lookup,500,-10.669972956025866
T1,ideal,lookup,520,-5.501278251164754
T1,ideal,lookup,540,-3.9723443726925325
T1,ideal,lookup,560,-1.003614622692532
T1,ideal,lookup,580,-3.395002393525865
T1,ideal,lookup,600,-6.193031879248725
T1,ideal,lookup,620,2.6902139957512747
T1,ideal,lookup,640,13.096839415890164
T1,ideal,lookup,660,15.508537450612385
T1,ideal,lookup,680,17.889779849917943
T1,ideal,lookup,700,23.23968247144572
T1,ideal,lookup,720,24.421850565195722
T1,ideal,lookup,740,27.738369270056836
T1,ideal,lookup,760,32.95726116936238
T1,ideal,lookup,780,37.86317905130683
T1,ideal,lookup,800,40.979636965277784
T1,ideal,lookup,820,47.29932924305556
T1,ideal,lookup,840,53.47792494097223
T1,ideal,lookup,860,63.627331208333345
T1,ideal,lookup,880,67.12971216666666
T1,ideal,lookup,900,69.28915908333335
T1,ideal,lookup,920,73.7368924861111
T1,ideal,lookup,940,74.07767285069444
T1,ideal,lookup,960,78.28654578645833
T1,ideal,lookup,980,79.95229007465278
T1,ideal,lookup,1000,78.7409547251231
T1,ideal,lookup,1020,76.87926089526198
T1,ideal,lookup,1040,76.30902341262309
T1,ideal,lookup,1060,83.82695637095642
T1,ideal,lookup,1080,92.64820728415087
T1,ideal,lookup,1100,95.29076583970642
T1,ideal,lookup,1120,98.2056880376231
T1,ideal,lookup,1140,95.77624676331753
T1,ideal,lookup,1160,96.7293805237342
T1,ideal,lookup,1180,100.20376025290086
T1,ideal,lookup,1200,103.94223430498421
T1,ideal,lookup,1220,105.16428928415087
T1,ideal,lookup,1240,104.41456732755364
T1,ideal,lookup,1260,104.38770105151198
T1,ideal,lookup,1280,104.54747178675504
T1,ideal,lookup,1300,101.79761773640782
T1,ideal,lookup,1320,101.57265006019254
T1,ideal,lookup,1340,102.51112269040088
T1,ideal,lookup,1360,104.20177975984532
T1,ideal,lookup,1380,102.52329482060921
T1,ideal,lookup,1400,101.11172981279671
T1,ideal,lookup,1420,100.72267921644254
T1,ideal,lookup,1440,100.75278528762308
T1,ideal,lookup,1460,102.04159506713698
T1,ideal,lookup,1480,103.8453978362342
T1,ideal,lookup,1500,104.90111159838698
T1,ideal,lookup,1520,105.98321027894254
T1,ideal,lookup,1540,107.63662230151198
T1,ideal,lookup,1560,107.12902694040086
T1,ideal,lookup,1580,108.39053893519254
T1,ideal,lookup,1600,108.3599473344981
T1,ideal,lookup,1620,107.8161749126231
T1,ideal,lookup,1640,110.58430079630365
T1,ideal,lookup,1660,113.48905246644253
T1,ideal,lookup,1680,117.25512098901198
T1,ideal,lookup,1700,117.34432161053975
T1,ideal,lookup,1720,118.55973423380365
T1,ideal,lookup,1740,119.63999881453282
T1,ideal,lookup,1760,123.2011533127967
T1,ideal,lookup,1780,125.45484247859531
T1,ideal,lookup,1800,123.6429114629703
T1,ideal,lookup,1820,124.11997836748421
T1,ideal,lookup,1840,124.12279875463697
T1,ideal,lookup,1860,122.63973345428977
T1,ideal,lookup,1880,121.22136103501893
T1,ideal,lookup,1900,121.17904636140781
T1,ideal,lookup,1920,122.02926435099116
T1,ideal,lookup,1940,123.07209473553975
T1,ideal,lookup,1960,121.84796195255366
T1,ideal,lookup,1980,120.37293670081755
T1,ideal,lookup,2000,118.91988657928977
T1,ideal,lookup,2020,118.98602804630366
T1,ideal,lookup,2040,117.77136477894253
T1,ideal,lookup,2060,118.24732235706753
T1,ideal,lookup,2080,118.23524656540087
T1,ideal,lookup,2100,118.55614843258837
T1,ideal,lookup,2120,118.66941445776197
T1,ideal,lookup,2140,119.00693195602588
T1,ideal,lookup,2160,121.14922624422032
T1,ideal,lookup,2180,123.31197015741476
T1,ideal,lookup,2200,125.45806256192864
T1,ideal,lookup,2220,127.49711800290089
T1,ideal,lookup,2240,130.40223825550504
T1,ideal,lookup,2260,134.16777760619948
T1,ideal,lookup,2280,134.47741652286615
T1,causal,MPC,0,0.0
T1,causal,MPC,20,0.0
T1,causal,MPC,40,0.0
T1,causal,MPC,60,0.0
T1,causal,MPC,80,0.0
T1,causal,MPC,100,0.0
T1,causal,MPC,120,0.0
T1,causal,MPC,140,0.0
T1,causal,MPC,160,0.0
T1,causal,MPC,180,0.0
T1,causal,MPC,200,-0.7695259258057806
T1,causal,MPC,220,-0.9961249553196695
T1,causal,MPC,240,-1.3184940785835584
T1,causal,MPC,260,-1.6261107174724474
T1,causal,MPC,280,-1.6840938337918918
T1,causal,MPC,300,-1.7852953424724474
T1,causal,MPC,320,-1.8912558129585584
T1,causal,MPC,340,-1.9425898754585584
T1,causal,MPC,360,-1.8364507157363361
T1,causal,MPC,380,-1.721647741778003
T1,causal,MPC,400,-3.000405464102533
T1,causal,MPC,420,-3.6343201377136443
T1,causal,MPC,440,-4.503799070005311
T1,causal,MPC,460,-6.123642566533088
T1,causal,MPC,480,-6.885072580421978
T1,causal,MPC,500,-7.8452196151442
T1,causal,MPC,520,-9.320495726255311
T1,causal,MPC,540,-9.97127869500531
T1,causal,MPC,560,-11.16292784778309
T1,causal,MPC,580,-10.0597993026442
T1,causal,MPC,600,-9.820277694897333
T1,causal,MPC,620,-8.972688215730667
T1,causal,MPC,640,-8.594769253925111
T1,causal,MPC,660,-6.513615802536222
T1,causal,MPC,680,-5.919864219202889
T1,causal,MPC,700,-5.826630795591779
T1,causal,MPC,720,-6.6864473685084445
T1,causal,MPC,740,-5.145067746980667
T1,causal,MPC,760,-4.437831684480667
T1,causal,MPC,780,-5.136658833786223
T1,causal,MPC,800,-6.804999877539741
T1,causal,MPC,820,-7.131538346289741
T1,causal,MPC,840,-8.226276929623074
T1,causal,MPC,860,-8.324145974761961
T1,causal,MPC,880,-7.95931359628974
T1,causal,MPC,900,-9.758569957400852
T1,causal,MPC,920,-9.117146106706407
T1,causal,MPC,940,-10.90677886017863
T1,causal,MPC,960,-11.024619575456407
T1,causal,MPC,980,-10.367279103234186
T1,causal,MPC,1000,-11.139027564154308
T1,causal,MPC,1020,-9.769668515543197
T1,causal,MPC,1040,-10.00477634887653
T1,causal,MPC,1060,-9.758373213459862
T1,causal,MPC,1080,-11.825188619709863
T1,causal,MPC,1100,-12.698262171793196
T1,causal,MPC,1120,-11.815025748182086
T1,causal,MPC,1140,-11.79261447387653
T1,causal,MPC,1160,-11.405613918320974
T1,causal,MPC,1180,-10.977520640543196
T1,causal,MPC,1200,-11.371626891495652
T1,causal,MPC,1220,-11.682841976565097
T1,causal,MPC,1240,-11.89532121614843
T1,causal,MPC,1260,-12.183004636287318
T1,causal,MPC,1280,-12.428339618926207
T1,causal,MPC,1300,-13.153634439238708
T1,causal,MPC,1320,-14.147128328127597
T1,causal,MPC,1340,-14.723255561634542
T1,causal,MPC,1360,-15.749737969620654
T1,causal,MPC,1380,-17.072467440106763
T1,causal,MPC,1400,-17.543378509482913
T1,causal,MPC,1420,-17.101537228232914
T1,causal,MPC,1440,-17.711603026844024
T1,causal,MPC,1460,-18.883825722156523
T1,causal,MPC,1480,-20.084156774239858
T1,causal,MPC,1500,-20.83109408673986
T1,causal,MPC,1520,-21.75605782719125
T1,causal,MPC,1540,-21.28970820392736
T1,causal,MPC,1560,-21.64831612580236
T1,causal,MPC,1580,-22.66246436191347
T1,causal,MPC,1600,-23.88058583466986
T1,causal,MPC,1620,-24.010073015225412
T1,causal,MPC,1640,-24.304617659322634
T1,causal,MPC,1660,-24.992867673211524
T1,causal,MPC,1680,-25.57145085029486
T1,causal,MPC,1700,-25.760169093350413
T1,causal,MPC,1720,-25.798678615919858
T1,causal,MPC,1740,-24.972813080329576
T1,causal,MPC,1760,-24.239432736579577
T1,causal,MPC,1780,-24.182201198385137
T1,causal,MPC,1800,-25.17773130115239
T1,causal,MPC,1820,-25.202409992124615
T1,causal,MPC,1840,-25.520734606707947
T1,causal,MPC,1860,-25.544570899242668
T1,causal,MPC,1880,-25.39753628986767
T1,causal,MPC,1900,-24.767541987784334
T1,causal,MPC,1920,-25.215586317645446
T1,causal,MPC,1940,-23.926247261221835
T1,causal,MPC,1960,-23.322836337610724
T1,causal,MPC,1980,-22.76465133240239
T1,causal,MPC,2000,-21.126588853235724
T1,causal,MPC,2020,-19.004365290735723
T1,causal,MPC,2040,-18.245645002541277
T1,causal,MPC,2060,-18.277993229971834
T1,causal,MPC,2080,-18.49198876643017
T1,causal,MPC,2100,-16.988692475631556
T1,causal,MPC,2120,-15.477766821985721
T1,causal,MPC,2140,-16.512770745596836
T1,causal,MPC,2160,-17.784854750805167
T1,causal,MPC,2180,-17.9710488497635
T1,causal,MPC,2200,-18.80580140011072
T1,causal,MPC,2220,-20.402332866256558
T1,causal,MPC,2240,-21.13331694524961
T1,causal,MPC,2260,-22.375471856707946
T1,causal,MPC,2280,-24.429514045944057
T1,causal,lookup,0,0.0
T1,causal,lookup,20,0.0
T1,causal,lookup,40,0.0
T1,causal,lookup,60,0.0
T1,causal,lookup,80,0.0
T1,causal,lookup,100,0.0
T1,causal,lookup,120,0.0
T1,causal,lookup,140,0.0
T1,causal,lookup,160,0.0
T1,causal,lookup,180,0.0
T1,causal,lookup,200,-1.1711029778408475
T1,causal,lookup,220,-2.9040835175001356
T1,causal,lookup,240,-5.098587229166666
T1,causal,lookup,260,-7.200640215277779
T1,causal,lookup,280,-10.009093302083334
T1,causal,lookup,300,-12.267763097222222
T1,causal,lookup,320,-15.012256359375002
T1,causal,lookup,340,-17.305623949652777
T1,causal,lookup,360,-18.776410524305557
T1,causal,lookup,380,-20.344048309027777
T1,causal,lookup,400,-20.263008375000002
T1,causal,lookup,420,-20.36206769097222
T1,causal,lookup,440,-19.017351869791668
T1,causal,lookup,460,-15.642809147569446
T1,causal,lookup,480,-12.460921522569445
T1,causal,lookup,500,-10.670004473958334
T1,causal,lookup,520,-5.501255477430556
T1,causal,lookup,540,-3.9723809635416667
T1,causal,lookup,560,-1.0035839739583332
T1,causal,lookup,580,-3.3949756927083334
T1,causal,lookup,600,-6.193036362847222
T1,causal,lookup,620,2.6901970225694445
T1,causal,lookup,640,13.09682718576389
T1,causal,lookup,660,15.508509258680558
T1,causal,lookup,680,17.889838557291668
T1,causal,lookup,700,23.239719730902777
T1,causal,lookup,720,24.421812657986113
T1,causal,lookup,740,27.73822806076389
T1,causal,lookup,760,32.95708319270833
T1,causal,lookup,780,37.862959682291674
T1,causal,lookup,800,40.97925906076389
T1,causal,lookup,820,47.298807234375005
T1,causal,lookup,840,53.477400744791666
T1,causal,lookup,860,63.62680235243056
T1,causal,lookup,880,67.12905831423612
T1,causal,lookup,900,69.28838934548611
T1,causal,lookup,920,73.73598373090279
T1,causal,lookup,940,74.07672129340278
T1,causal,lookup,960,78.28565362152779
T1,causal,lookup,980,79.95138528125
T1,causal,lookup,1000,78.74006667708333
T1,causal,lookup,1020,76.87832595833333
T1,causal,lookup,1040,76.30795489409724
T1,causal,lookup,1060,83.82584285590278
T1,causal,lookup,1080,92.64729249479169
T1,causal,lookup,1100,95.28999705729167
T1,causal,lookup,1120,98.20499259548612
T1,causal,lookup,1140,95.77556828298611
T1,causal,lookup,1160,96.72867048437502
T1,causal,lookup,1180,100.20317765104168
T1,causal,lookup,1200,103.94168111284723
T1,causal,lookup,1220,105.16365401909722
T1,causal,lookup,1240,104.41390682118056
T1,causal,lookup,1260,104.38709074131945
T1,causal,lookup,1280,104.54686045225695
T1,causal,lookup,1300,101.79692002690973
T1,causal,lookup,1320,101.57187352604167
T1,causal,lookup,1340,102.51026589930557
T1,causal,lookup,1360,104.2008291076389
T1,causal,lookup,1380,102.52228367534724
T1,causal,lookup,1400,101.11070006163195
T1,causal,lookup,1420,100.72163116927084
T1,causal,lookup,1440,100.75169804947917
T1,causal,lookup,1460,102.04052984809027
T1,causal,lookup,1480,103.84427886024307
T1,causal,lookup,1500,104.90007569704862
T1,causal,lookup,1520,105.98216962413196
T1,causal,lookup,1540,107.63544805468752
T1,causal,lookup,1560,107.12773277517361
T1,causal,lookup,1580,108.3891823810764
T1,causal,lookup,1600,108.35856234288195
T1,causal,lookup,1620,107.8147113671875
T1,causal,lookup,1640,110.58282220225695
T1,causal,lookup,1660,113.48756820399306
T1,causal,lookup,1680,117.25362063628474
T1,causal,lookup,1700,117.34280244184029
T1,causal,lookup,1720,118.55812682899307
T1,causal,lookup,1740,119.6383325138889
T1,causal,lookup,1760,123.1994592951389
T1,causal,lookup,1780,125.45321766059028
T1,causal,lookup,1800,123.64128874739583
T1,causal,lookup,1820,124.11833238454862
T1,causal,lookup,1840,124.12112837413196
T1,causal,lookup,1860,122.63810107378472
T1,causal,lookup,1880,121.2197360295139
T1,causal,lookup,1900,121.17751484201389
T1,causal,lookup,1920,122.02766963194445
T1,causal,lookup,1940,123.07040084635416
T1,causal,lookup,1960,121.84627127170138
T1,causal,lookup,1980,120.37121526128473
T1,causal,lookup,2000,118.9181505078125
T1,causal,lookup,2020,118.98426643489584
T1,causal,lookup,2040,117.76960646440973
T1,causal,lookup,2060,118.24556467447917
T1,causal,lookup,2080,118.2334908046875
T1,causal,lookup,2100,118.55442030555557
T1,causal,lookup,2120,118.66765701822916
T1,causal,lookup,2140,119.00510329253473
T1,causal,lookup,2160,121.14732274739583
T1,causal,lookup,2180,123.31005407204862
T1,causal,lookup,2200,125.45619275260417
T1,causal,lookup,2220,127.49532748003472
T1,causal,lookup,2240,130.40049288368056
T1,causal,lookup,2260,134.16602966145834
T1,causal,lookup,2280,134.4756960642361
T2,ideal,MPC,0,0.0
T2,ideal,MPC,20,0.0
T2,ideal,MPC,40,0.0
T2,ideal,MPC,60,0.0
T2,ideal,MPC,80,0.0
T2,ideal,MPC,100,0.0
T2,ideal,MPC,120,0.0
T2,ideal,MPC,140,0.0
T2,ideal,MPC,160,0.0
T2,ideal,MPC,180,0.0
T2,ideal,MPC,200,-0.2868914946831597
T2,ideal,MPC,220,-0.43604560926649305
T2,ideal,MPC,240,-0.4039255901692708
T2,ideal,MPC,260,-0.3585681908637153
T2,ideal,MPC,280,-0.38336657628038195
T2,ideal,MPC,300,-0.44529521516927084
T2,ideal,MPC,320,-0.5725059564887153
T2,ideal,MPC,340,-0.5023812828776042
T2,ideal,MPC,360,-0.4161946474609375
T2,ideal,MPC,380,-0.2926572724609375
T2,ideal,MPC,400,-0.8390201889311473
T2,ideal,MPC,420,-1.0861949424033694
T2,ideal,MPC,440,-0.7136928278200362
T2,ideal,MPC,460,-0.8325430778200362
T2,ideal,MPC,480,-0.652829121222814
T2,ideal,MPC,500,-0.5234864510839251
T2,ideal,MPC,520,-0.4540145778200362
T2,ideal,MPC,540,-0.015608293097814085
T2,ideal,MPC,560,0.31557565134663057
T2,ideal,MPC,580,0.23332755933274174
T2,ideal,MPC,600,-1.1456886514960396
T2,ideal,MPC,620,-1.661975003926595
T2,ideal,MPC,640,-1.9595368389960395
T2,ideal,MPC,660,-0.7415736341349284
T2,ideal,MPC,680,0.10388221829562738
T2,ideal,MPC,700,1.0210172078789603
T2,ideal,MPC,720,2.6650994509345165
T2,ideal,MPC,740,3.685051079406738
T2,ideal,MPC,760,4.837689548156739
T2,ideal,MPC,780,5.847482357184516
T2,ideal,MPC,800,6.832068418036991
T2,ideal,MPC,820,7.75246657428699
T2,ideal,MPC,840,8.81999643192588
T2,ideal,MPC,860,9.588067577759213
T2,ideal,MPC,880,9.914037553453658
T2,ideal,MPC,900,10.83974602567588
T2,ideal,MPC,920,11.277409296509214
T2,ideal,MPC,940,12.50570146317588
T2,ideal,MPC,960,13.643775452759215
T2,ideal,MPC,980,14.7559410916481
T2,ideal,MPC,1000,16.012369229151837
T2,ideal,MPC,1020,16.954885795124056
T2,ideal,MPC,1040,17.07532369095739
T2,ideal,MPC,1060,17.40742798262405
T2,ideal,MPC,1080,18.172736451374057
T2,ideal,MPC,1100,19.229224572901835
T2,ideal,MPC,1120,20.399685506929607
T2,ideal,MPC,1140,21.48988376040183
T2,ideal,MPC,1160,22.184951784707394
T2,ideal,MPC,1180,22.30284838540183
T2,ideal,MPC,1200,20.88898604424964
T2,ideal,MPC,1220,20.6489012248052
T2,ideal,MPC,1240,21.49616843313853
T2,ideal,MPC,1260,21.239317863694083
T2,ideal,MPC,1280,21.23725642966631
T2,ideal,MPC,1300,21.452725776888528
T2,ideal,MPC,1320,22.374338575499642
T2,ideal,MPC,1340,24.13552266924964
T2,ideal,MPC,1360,26.11078138452742
T2,ideal,MPC,1380,27.566233495638535
T2,ideal,MPC,1400,27.642892961890333
T2,ideal,MPC,1420,28.545053831681997
T2,ideal,MPC,1440,29.190834158070885
T2,ideal,MPC,1460,30.112465533070882
T2,ideal,MPC,1480,30.55389083515422
T2,ideal,MPC,1500,31.215685368140328
T2,ideal,MPC,1520,32.10954109209866
T2,ideal,MPC,1540,33.50912625182088
T2,ideal,MPC,1560,34.60525425182089
T2,ideal,MPC,1580,34.74600525876533
T2,ideal,MPC,1600,34.350651800686315
T2,ideal,MPC,1620,35.84259638401964
T2,ideal,MPC,1640,37.31138223818631
T2,ideal,MPC,1660,36.2939555645752
T2,ideal,MPC,1680,36.409093609714084
T2,ideal,MPC,1700,37.857332206936306
T2,ideal,MPC,1720,40.03280579026964
T2,ideal,MPC,1740,40.81252713749187
T2,ideal,MPC,1760,41.448392101033534
T2,ideal,MPC,1780,41.644264370130756
T2,ideal,MPC,1800,42.07832418172757
T2,ideal,MPC,1820,42.50924537964424
T2,ideal,MPC,1840,42.77936856540812
T2,ideal,MPC,1860,45.4424882650609
T2,ideal,MPC,1880,47.92537861749146
T2,ideal,MPC,1900,47.963522733810905
T2,ideal,MPC,1920,48.07010025117202
T2,ideal,MPC,1940,48.11768836575534
T2,ideal,MPC,1960,48.22578387964424
T2,ideal,MPC,1980,48.97884275464423
T2,ideal,MPC,2000,47.73049727200535
T2,ideal,MPC,2020,48.095941462977564
T2,ideal,MPC,2040,48.36310835360257
T2,ideal,MPC,2060,49.98506951853312
T2,ideal,MPC,2080,48.828092348394236
T2,ideal,MPC,2100,50.01206017478313
T2,ideal,MPC,2120,51.83782474596369
T2,ideal,MPC,2140,52.82538505151925
T2,ideal,MPC,2160,53.86216698554702
T2,ideal,MPC,2180,56.995349822352566
T2,ideal,MPC,2200,58.7199115463109
T2,ideal,MPC,2220,59.03294516957479
T2,ideal,MPC,2240,60.2668124525609
T2,ideal,MPC,2260,61.40956799943589
T2,ideal,MPC,2280,62.21300496992201
T2,ideal,lookup,0,0.0
T2,ideal,lookup,20,0.0
T2,ideal,lookup,40,0.0
T2,ideal,lookup,60,0.0
T2,ideal,lookup,80,0.0
T2,ideal,lookup,100,0.0
T2,ideal,lookup,120,0.0
T2,ideal,lookup,140,0.0
T2,ideal,lookup,160,0.0
T2,ideal,lookup,180,0.0
T2,ideal,lookup,200,-1.1605677868686253
T2,ideal,lookup,220,-3.179352277916802
T2,ideal,lookup,240,-6.5074986302083335
T2,ideal,lookup,260,-10.029299250000001
T2,ideal,lookup,280,-14.107684083333334
T2,ideal,lookup,300,-17.200992631944445
T2,ideal,lookup,320,-21.02779550173611
T2,ideal,lookup,340,-24.825402116319445
T2,ideal,lookup,360,-25.82599173090278
T2,ideal,lookup,380,-25.877114810763892
T2,ideal,lookup,400,-26.543556388888888
T2,ideal,lookup,420,-26.047324850694444
T2,ideal,lookup,440,-24.104266788194444
T2,ideal,lookup,460,-22.403929506944447
T2,ideal,lookup,480,-22.717133562500003
T2,ideal,lookup,500,-18.95680839236111
T2,ideal,lookup,520,-16.788436032986112
T2,ideal,lookup,540,-16.70500011111111
T2,ideal,lookup,560,-15.636541227430556
T2,ideal,lookup,580,-15.516420935763891
T2,ideal,lookup,600,-18.488684638617624
T2,ideal,lookup,620,-16.29873124015469
T2,ideal,lookup,640,-7.650467010988024
T2,ideal,lookup,660,-1.534143847793579
T2,ideal,lookup,680,-2.681487031821357
T2,ideal,lookup,700,-6.052313323488024
T2,ideal,lookup,720,-6.288549899876912
T2,ideal,lookup,740,-5.653973743626913
T2,ideal,lookup,760,-8.084245483210246
T2,ideal,lookup,780,-11.885133670710246
T2,ideal,lookup,800,-15.16941441029358
T2,ideal,lookup,820,-18.16348192418247
T2,ideal,lookup,840,-21.744904288765802
T2,ideal,lookup,860,-22.31513731654358
T2,ideal,lookup,880,-24.80794425404358
T2,ideal,lookup,900,-26.536250712376916
T2,ideal,lookup,920,-27.93300299015469
T2,ideal,lookup,940,-28.424157993626913
T2,ideal,lookup,960,-29.22354485821025
T2,ideal,lookup,980,-28.6048242575158
T2,ideal,lookup,1000,-29.597927677654692
T2,ideal,lookup,1020,-32.42138026446025
T2,ideal,lookup,1040,-34.68189525057136
T2,ideal,lookup,1060,-35.05161353876581
T2,ideal,lookup,1080,-35.788133868626915
T2,ideal,lookup,1100,-37.06939503529358
T2,ideal,lookup,1120,-39.21028565334914
T2,ideal,lookup,1140,-41.61593063598802
T2,ideal,lookup,1160,-44.60735331654358
T2,ideal,lookup,1180,-46.84847266029358
T2,ideal,lookup,1200,-53.04391934729514
T2,ideal,lookup,1220,-60.43843015218438
T2,ideal,lookup,1240,-65.44842137787882
T2,ideal,lookup,1260,-70.31742634662884
T2,ideal,lookup,1280,-76.18490497857327
T2,ideal,lookup,1300,-81.0353995619066
T2,ideal,lookup,1320,-83.50670869385105
T2,ideal,lookup,1340,-85.06419176676772
T2,ideal,lookup,1360,-85.19209875982328
T2,ideal,lookup,1380,-85.76847358621217
T2,ideal,lookup,1400,-84.86807189697605
T2,ideal,lookup,1420,-82.4094464820455
T2,ideal,lookup,1440,-79.89696853412883
T2,ideal,lookup,1460,-76.2748389369066
T2,ideal,lookup,1480,-71.79690215912882
T2,ideal,lookup,1500,-66.4858234820455
T2,ideal,lookup,1520,-64.14275723030937
T2,ideal,lookup,1540,-63.070917956003825
T2,ideal,lookup,1560,-59.44332283794827
T2,ideal,lookup,1580,-59.60875998551772
T2,ideal,lookup,1600,-58.846688912601046
T2,ideal,lookup,1620,-57.92508009662883
T2,ideal,lookup,1640,-54.27550780322605
T2,ideal,lookup,1660,-51.364822282392716
T2,ideal,lookup,1680,-49.22618026676771
T2,ideal,lookup,1700,-46.90676393690661
T2,ideal,lookup,1720,-42.751164730309384
T2,ideal,lookup,1740,-42.389758431698276
T2,ideal,lookup,1760,-42.335058112253826
T2,ideal,lookup,1780,-40.142315999406605
T2,ideal,lookup,1800,-39.657108903920495
T2,ideal,lookup,1820,-41.25813018343438
T2,ideal,lookup,1840,-42.47595929454549
T2,ideal,lookup,1860,-41.45770592301771
T2,ideal,lookup,1880,-40.36648602023994
T2,ideal,lookup,1900,-40.35957774419827
T2,ideal,lookup,1920,-40.72169676155938
T2,ideal,lookup,1940,-42.167128037601046
T2,ideal,lookup,1960,-43.58360859836494
T2,ideal,lookup,1980,-48.86842597683716
T2,ideal,lookup,2000,-52.16870601329549
T2,ideal,lookup,2020,-51.2461573882955
T2,ideal,lookup,2040,-50.514909112253825
T2,ideal,lookup,2060,-46.97312190392049
T2,ideal,lookup,2080,-45.83717095773994
T2,ideal,lookup,2100,-46.99209741607327
T2,ideal,lookup,2120,-44.10891757232327
T2,ideal,lookup,2140,-41.20182881885105
T2,ideal,lookup,2160,-37.879510784128826
T2,ideal,lookup,2180,-32.628215747670495
T2,ideal,lookup,2200,-29.050163456003826
T2,ideal,lookup,2220,-24.44636939871216
T2,ideal,lookup,2240,-20.566280752878825
T2,ideal,lookup,2260,-19.823136504614936
T2,ideal,lookup,2280,-17.45945335357327
T2,causal,MPC,0,0.0
T2,causal,MPC,20,0.0
T2,causal,MPC,40,0.0
T2,causal,MPC,60,0.0
T2,causal,MPC,80,0.0
T2,causal,MPC,100,0.0
T2,causal,MPC,120,0.0
T2,causal,MPC,140,0.0
T2,causal,MPC,160,0.0
T2,causal,MPC,180,0.0
T2,causal,MPC,200,-0.8366731143213908
T2,causal,MPC,220,-1.1285823920991684
T2,causal,MPC,240,-1.239641662932502
T2,causal,MPC,260,-1.2818354545991686
T2,causal,MPC,280,-1.3613807532102795
T2,causal,MPC,300,-1.775345822654724
T2,causal,MPC,320,-2.2065901559880574
T2,causal,MPC,340,-2.8078981368908353
T2,causal,MPC,360,-3.43818555008528
T2,causal,MPC,380,-3.4326395969602794
T2,causal,MPC,400,-4.333796676403576
T2,causal,MPC,420,-5.059057077445242
T2,causal,MPC,440,-7.026144228486909
T2,causal,MPC,460,-7.625404768417465
T2,causal,MPC,480,-7.577829707653576
T2,causal,MPC,500,-7.487470264945243
T2,causal,MPC,520,-7.9043899159869095
T2,causal,MPC,540,-7.549260205917465
T2,causal,MPC,560,-8.23845894723691
T2,causal,MPC,580,-8.579096579181353
T2,causal,MPC,600,-10.674512744538838
T2,causal,MPC,620,-11.242793537941616
T2,causal,MPC,640,-12.514639598705504
T2,causal,MPC,660,-15.317590515372173
T2,causal,MPC,680,-17.089202107386058
T2,causal,MPC,700,-19.789490463288836
T2,causal,MPC,720,-23.321030883427724
T2,causal,MPC,740,-25.75667112648328
T2,causal,MPC,760,-25.761629949399946
T2,causal,MPC,780,-26.021525331344392
T2,causal,MPC,800,-26.52245109590467
T2,causal,MPC,820,-26.223604821599114
T2,causal,MPC,840,-26.055070342432447
T2,causal,MPC,860,-26.263360068126893
T2,causal,MPC,880,-28.04983788757134
T2,causal,MPC,900,-28.51281137368245
T2,causal,MPC,920,-28.63614331465467
T2,causal,MPC,940,-29.923929759099117
T2,causal,MPC,960,-29.910022488265785
T2,causal,MPC,980,-30.139606606321337
T2,causal,MPC,1000,-30.114114886188986
T2,causal,MPC,1020,-28.683763445216766
T2,causal,MPC,1040,-28.516020330633427
T2,causal,MPC,1060,-29.702297851466763
T2,causal,MPC,1080,-30.88944972646676
T2,causal,MPC,1100,-30.703893389661207
T2,causal,MPC,1120,-29.315806104938982
T2,causal,MPC,1140,-27.90152869521676
T2,causal,MPC,1160,-27.17205442438343
T2,causal,MPC,1180,-26.830688288966765
T2,causal,MPC,1200,-27.763800512628553
T2,causal,MPC,1220,-27.568701557767444
T2,causal,MPC,1240,-26.957588575128558
T2,causal,MPC,1260,-26.78211964804522
T2,causal,MPC,1280,-26.82926867235078
T2,causal,MPC,1300,-26.88270625568411
T2,causal,MPC,1320,-26.89901955429522
T2,causal,MPC,1340,-25.968984297350776
T2,causal,MPC,1360,-24.96982092235078
T2,causal,MPC,1380,-24.632939328600777
T2,causal,MPC,1400,-24.683241344000287
T2,causal,MPC,1420,-24.25122072941695
T2,causal,MPC,1440,-24.298131798861398
T2,causal,MPC,1460,-23.794781375250285
T2,causal,MPC,1480,-23.587229121778066
T2,causal,MPC,1500,-23.1585217519864
T2,causal,MPC,1520,-23.743906430805843
T2,causal,MPC,1540,-23.413599074903065
T2,causal,MPC,1560,-23.749797359625287
T2,causal,MPC,1580,-24.481453970736396
T2,causal,MPC,1600,-25.215881168527602
T2,causal,MPC,1620,-24.72895921019427
T2,causal,MPC,1640,-24.457659911583157
T2,causal,MPC,1660,-25.316663831722046
T2,causal,MPC,1680,-25.767882543527605
T2,causal,MPC,1700,-25.828931899430387
T2,causal,MPC,1720,-25.218531329985936
T2,causal,MPC,1740,-26.65149610949983
T2,causal,MPC,1760,-27.357819751860937
T2,causal,MPC,1780,-28.023398724083158
T2,causal,MPC,1800,-29.201562177902858
T2,causal,MPC,1820,-30.108449518180638
T2,causal,MPC,1840,-31.04942717790286
T2,causal,MPC,1860,-32.5892139348473
T2,causal,MPC,1880,-33.210250999083414
T2,causal,MPC,1900,-33.36211348693064
T2,causal,MPC,1920,-34.20440317443064
T2,causal,MPC,1940,-35.3182917004723
T2,causal,MPC,1960,-37.3501759817223
T2,causal,MPC,1980,-39.755624287277854
T2,causal,MPC,2000,-41.08264934804174
T2,causal,MPC,2020,-40.70066848519453
T2,causal,MPC,2040,-41.12505830463897
T2,causal,MPC,2060,-40.708624393180635
T2,causal,MPC,2080,-40.47765726991675
T2,causal,MPC,2100,-40.01232962755564
T2,causal,MPC,2120,-39.27780040186119
T2,causal,MPC,2140,-38.354042672694526
T2,causal,MPC,2160,-37.723895655333415
T2,causal,MPC,2180,-38.05956896088897
T2,causal,MPC,2200,-37.43293136540286
T2,causal,MPC,2220,-35.86351772825008
T2,causal,MPC,2240,-35.99745710325008
T2,causal,MPC,2260,-37.89173629595842
T2,causal,MPC,2280,-39.01510654595841
T2,causal,lookup,0,0.0
T2,causal,lookup,20,0.0
T2,causal,lookup,40,0.0
T2,causal,lookup,60,0.0
T2,causal,lookup,80,0.0
T2,causal,lookup,100,0.0
T2,causal,lookup,120,0.0
T2,causal,lookup,140,0.0
T2,causal,lookup,160,0.0
T2,causal,lookup,180,0.0
T2,causal,lookup,200,-1.1605677868686253
T2,causal,lookup,220,-3.179352277916802
T2,causal,lookup,240,-6.5074986302083335
T2,causal,lookup,260,-10.029299250000001
T2,causal,lookup,280,-14.107684083333334
T2,causal,lookup,300,-17.200992631944445
T2,causal,lookup,320,-21.02779550173611
T2,causal,lookup,340,-24.825402116319445
T2,causal,lookup,360,-25.82599173090278
T2,causal,lookup,380,-25.877114810763892
T2,causal,lookup,400,-26.543556388888888
T2,causal,lookup,420,-26.047324850694444
T2,causal,lookup,440,-24.104266788194444
T2,causal,lookup,460,-22.403929506944447
T2,causal,lookup,480,-22.717133562500003
T2,causal,lookup,500,-18.95680839236111
T2,causal,lookup,520,-16.788436032986112
T2,causal,lookup,540,-16.70500011111111
T2,causal,lookup,560,-15.636541227430556
T2,causal,lookup,580,-15.516420935763891
T2,causal,lookup,600,-20.485128026041668
T2,causal,lookup,620,-23.661212833333334
T2,causal,lookup,640,-20.720138520833334
T2,causal,lookup,660,-20.541537875
T2,causal,lookup,680,-26.99523295138889
T2,causal,lookup,700,-34.922596427083334
T2,causal,lookup,720,-38.73029139930556
T2,causal,lookup,740,-42.03599307638889
T2,causal,lookup,760,-49.58884268402778
T2,causal,lookup,780,-58.62714012152778
T2,causal,lookup,800,-65.65673230895064
T2,causal,lookup,820,-67.97963538270993
T2,causal,lookup,840,-70.74716605632103
T2,causal,lookup,860,-70.24967901465438
T2,causal,lookup,880,-72.6217509104877
T2,causal,lookup,900,-73.92923480979326
T2,causal,lookup,920,-74.84530643132103
T2,causal,lookup,940,-74.33144401465437
T2,causal,lookup,960,-74.24290832368214
T2,causal,lookup,980,-73.0683401917377
T2,causal,lookup,1000,-74.17719910840437
T2,causal,lookup,1020,-77.0713429868766
T2,causal,lookup,1040,-79.5592213167377
T2,causal,lookup,1060,-80.0559522056266
T2,causal,lookup,1080,-80.85747527507104
T2,causal,lookup,1100,-82.05121679243214
T2,causal,lookup,1120,-84.16692593132103
T2,causal,lookup,1140,-86.50973455284881
T2,causal,lookup,1160,-89.42533496604327
T2,causal,lookup,1180,-91.63690757020993
T2,causal,lookup,1200,-94.4200183306266
T2,causal,lookup,1220,-96.4596530181266
T2,causal,lookup,1240,-96.91980018479327
T2,causal,lookup,1260,-97.42712883757105
T2,causal,lookup,1280,-99.37640851465437
T2,causal,lookup,1300,-100.71940704243215
T2,causal,lookup,1320,-100.37308306326548
T2,causal,lookup,1340,-99.88117392090437
T2,causal,lookup,1360,-98.72931351118214
T2,causal,lookup,1380,-97.67723069868215
T2,causal,lookup,1400,-96.32715137402938
T2,causal,lookup,1420,-94.37477099729325
T2,causal,lookup,1440,-93.04575701465437
T2,causal,lookup,1460,-90.97677913965437
T2,causal,lookup,1480,-89.15906266743214
T2,causal,lookup,1500,-87.45545012576548
T2,causal,lookup,1520,-87.1093927247238
T2,causal,lookup,1540,-87.55382379069604
T2,causal,lookup,1560,-86.49222866222381
T2,causal,lookup,1580,-87.26206611708493
T2,causal,lookup,1600,-88.61810163587782
T2,causal,lookup,1620,-90.95538383660042
T2,causal,lookup,1640,-91.27864356403099
T2,causal,lookup,1660,-93.86372338347542
T2,causal,lookup,1680,-96.46447070118374
T2,causal,lookup,1700,-97.45245321854486
T2,causal,lookup,1720,-96.60707662305876
T2,causal,lookup,1740,-97.61046256750319
T2,causal,lookup,1760,-98.43448950673931
T2,causal,lookup,1780,-97.80075502410041
T2,causal,lookup,1800,-97.28873699632264
T2,causal,lookup,1820,-97.37214079319764
T2,causal,lookup,1840,-98.58601943729487
T2,causal,lookup,1860,-96.19235968208653
T2,causal,lookup,1880,-94.2110521456282
T2,causal,lookup,1900,-93.3809158973643
T2,causal,lookup,1920,-93.5615959303504
T2,causal,lookup,1940,-94.66906739215598
T2,causal,lookup,1960,-95.63812474111431
T2,causal,lookup,1980,-100.7453999286143
T2,causal,lookup,2000,-103.99037016298931
T2,causal,lookup,2020,-102.96413424111431
T2,causal,lookup,2040,-102.2156789911143
T2,causal,lookup,2060,-98.67676209180875
T2,causal,lookup,2080,-97.55045472896153
T2,causal,lookup,2100,-98.69609186611432
T2,causal,lookup,2120,-95.80787099111431
T2,causal,lookup,2140,-92.8975913487532
T2,causal,lookup,2160,-89.56910990778097
T2,causal,lookup,2180,-84.31367983486432
T2,causal,lookup,2200,-80.73132906403097
T2,causal,lookup,2220,-76.1269528956282
T2,causal,lookup,2240,-72.24613944076708
T2,causal,lookup,2260,-71.50188277930876
T2,causal,lookup,2280,-69.13665932618375
