scenario,issue_s,forecast_verified,decision_sha256
T1,0,True,7597a96d59d0831cb552586498b1f248f1a28a53627bbd91a0ed463ec71c8aa4
T1,200,True,8260a686c4660a3596d03093408a0157d4fe4e68b1c16d346d58f533b64ed6ba
T1,400,True,884b967ecca5701f1725cf83dfa0d266507fdd659f2bb771d7aa1574a4dbccc0
T1,600,True,26ba7f6031a6ebdfb3b6b6a9abfba4e77a39d054476e6bdaded86cf51cc84d09
T1,800,True,be55688279c8cecbe54760ff7ead90ee3abd2d8f400a359f9852cc7e07df3b3a
T1,1000,True,22ef8887485d476c6d386769c77d8e910dd93ddc7d606d736a35acf4be02dbad
T1,1200,True,71e9147d2ff973bfb4e06467d4fc1b7bf828b38444bfedb240c73c826d11177d
T1,1400,True,8a9ee5353c272d6d89a4a24d896062e025f1e188566be2aa5e8d5fa7d5ddc28a
T1,1600,True,eaa5d19161cc8f66698542470d0a190d353a52cf001a37f3b1e7eb2755119020
T2,0,True,b134e994d68a4cb698edc10d29777a1053506e9c8a531aece6dd9faaaddd747e
T2,200,True,18168e0c4a0a4f8cbdb49c1a67287fa2eac666c9afb2ad30e0bf674557fdf96b
T2,400,True,99f389a708f76521cd548a0ce63f2ad5760fc26f6cf9ddb861f62fe4605380de
T2,600,True,0fef582d2de689d9802fef373cd2f56f7c4d611a069d12d1d91974ebdfc036bf
T2,800,True,9ab178352169ab50abaa6ad21c67daad5ab6eea53595c36230185ad11baf4b12
T2,1000,True,5fbf7e6018fc12325db84b1444fd8f86cd9948f415de4717fec77ab77af41e1c
T2,1200,True,c321bc589007be49a34d46c0957b1b9ede7fe0fd5e96149c7e183a0606d3b6c9
T2,1400,True,95dd4ec396c46ce87b1e776fcb1615707aeebc940d640aea5f39baf76327abdd
T2,1600,True,b97b9ec9428b105f9762b289a8a0c377dd312ffd41ba612d8c6dac5310cc0922
